variant,size,final_moves_n,final_moves_mean,final_moves_std,final_moves_median,final_moves_min,final_moves_max,final_moves_ci95,final_tau_n,final_tau_mean,final_tau_std,final_tau_median,final_tau_min,final_tau_max,final_tau_ci95,final_entropy_n,final_entropy_mean,final_entropy_std,final_entropy_median,final_entropy_min,final_entropy_max,final_entropy_ci95,final_gini_n,final_gini_mean,final_gini_std,final_gini_median,final_gini_min,final_gini_max,final_gini_ci95,final_drift_n,final_drift_mean,final_drift_std,final_drift_median,final_drift_min,final_drift_max,final_drift_ci95,auc_moves_n,auc_moves_mean,auc_moves_std,auc_moves_median,auc_moves_min,auc_moves_max,auc_moves_ci95,auc_tau_n,auc_tau_mean,auc_tau_std,auc_tau_median,auc_tau_min,auc_tau_max,auc_tau_ci95,auc_entropy_n,auc_entropy_mean,auc_entropy_std,auc_entropy_median,auc_entropy_min,auc_entropy_max,auc_entropy_ci95,auc_gini_n,auc_gini_mean,auc_gini_std,auc_gini_median,auc_gini_min,auc_gini_max,auc_gini_ci95,auc_drift_n,auc_drift_mean,auc_drift_std,auc_drift_median,auc_drift_min,auc_drift_max,auc_drift_ci95,first_zero_moves_step_n,first_zero_moves_step_mean,first_zero_moves_step_std,first_zero_moves_step_median,first_zero_moves_step_min,first_zero_moves_step_max,first_zero_moves_step_ci95,stable_moves_step_n,stable_moves_step_mean,stable_moves_step_std,stable_moves_step_median,stable_moves_step_min,stable_moves_step_max,stable_moves_step_ci95,stable_tau_step_n,stable_tau_step_mean,stable_tau_step_std,stable_tau_step_median,stable_tau_step_min,stable_tau_step_max,stable_tau_step_ci95,stable_entropy_step_n,stable_entropy_step_mean,stable_entropy_step_std,stable_entropy_step_median,stable_entropy_step_min,stable_entropy_step_max,stable_entropy_step_ci95,stable_gini_step_n,stable_gini_step_mean,stable_gini_step_std,stable_gini_step_median,stable_gini_step_min,stable_gini_step_max,stable_gini_step_ci95,stable_drift_step_n,stable_drift_step_mean,stable_drift_step_std,stable_drift_step_median,stable_drift_step_min,stable_drift_step_max,stable_drift_step_ci95,delta_moves_last_n,delta_moves_last_mean,delta_moves_last_std,delta_moves_last_median,delta_moves_last_min,delta_moves_last_max,delta_moves_last_ci95,delta_tau_last_n,delta_tau_last_mean,delta_tau_last_std,delta_tau_last_median,delta_tau_last_min,delta_tau_last_max,delta_tau_last_ci95,delta_entropy_last_n,delta_entropy_last_mean,delta_entropy_last_std,delta_entropy_last_median,delta_entropy_last_min,delta_entropy_last_max,delta_entropy_last_ci95,delta_gini_last_n,delta_gini_last_mean,delta_gini_last_std,delta_gini_last_median,delta_gini_last_min,delta_gini_last_max,delta_gini_last_ci95,delta_drift_last_n,delta_drift_last_mean,delta_drift_last_std,delta_drift_last_median,delta_drift_last_min,delta_drift_last_max,delta_drift_last_ci95,total_clusters_n,total_clusters_mean,total_clusters_std,total_clusters_median,total_clusters_min,total_clusters_max,total_clusters_ci95,num_clusters_red_n,num_clusters_red_mean,num_clusters_red_std,num_clusters_red_median,num_clusters_red_min,num_clusters_red_max,num_clusters_red_ci95,num_clusters_green_n,num_clusters_green_mean,num_clusters_green_std,num_clusters_green_median,num_clusters_green_min,num_clusters_green_max,num_clusters_green_ci95,num_clusters_blue_n,num_clusters_blue_mean,num_clusters_blue_std,num_clusters_blue_median,num_clusters_blue_min,num_clusters_blue_max,num_clusters_blue_ci95,largest_red_n,largest_red_mean,largest_red_std,largest_red_median,largest_red_min,largest_red_max,largest_red_ci95,largest_green_n,largest_green_mean,largest_green_std,largest_green_median,largest_green_min,largest_green_max,largest_green_ci95,largest_blue_n,largest_blue_mean,largest_blue_std,largest_blue_median,largest_blue_min,largest_blue_max,largest_blue_ci95,total_red_n,total_red_mean,total_red_std,total_red_median,total_red_min,total_red_max,total_red_ci95,total_green_n,total_green_mean,total_green_std,total_green_median,total_green_min,total_green_max,total_green_ci95,total_blue_n,total_blue_mean,total_blue_std,total_blue_median,total_blue_min,total_blue_max,total_blue_ci95,frac_largest_red_n,frac_largest_red_mean,frac_largest_red_std,frac_largest_red_median,frac_largest_red_min,frac_largest_red_max,frac_largest_red_ci95,frac_largest_green_n,frac_largest_green_mean,frac_largest_green_std,frac_largest_green_median,frac_largest_green_min,frac_largest_green_max,frac_largest_green_ci95,frac_largest_blue_n,frac_largest_blue_mean,frac_largest_blue_std,frac_largest_blue_median,frac_largest_blue_min,frac_largest_blue_max,frac_largest_blue_ci95
baseline,20,7,101.71428571428571,3.6384193323605825,102.0,97,108,2.695378761262815,7,0.812925,0.043856372836035246,0.833333,0.75,0.857143,0.03248925566025379,7,0.4128307142857143,0.07108410437107648,0.435166,0.323745,0.525187,0.052659841453975766,7,0.18156442857142857,0.03009218595060376,0.19117,0.145075,0.229353,0.022292603320850615,7,0.0,0.0,0.0,0.0,0.0,0.0,7,1615.7142857142858,49.00923139475627,1623.0,1548.0,1671.0,36.30654670074439,7,11.248469428571427,0.40197464301033364,11.267857,10.580953000000001,11.753573,0.2977869828526072,7,8.277695428571429,0.6210337872804926,8.176302,7.525018,9.391952,0.46006826793557604,7,3.6581434285714285,0.27307068565230325,3.6077779999999997,3.339203,4.16327,0.20229359488180865,7,0.0,0.0,0.0,0.0,0.0,0.0,0,,,,,,0.0,5,9.0,4.69041575982343,10.0,2.0,15.0,4.111330684826994,7,9.714285714285714,3.9880774697543053,10.0,5.0,16.0,2.9544091343842904,0,,,,,,0.0,0,,,,,,0.0,7,2.0,0.0,2.0,2.0,2.0,0.0,7,-0.5714285714285714,6.972736021035618,0.0,-10.0,12.0,5.165475131421439,7,0.02959171428571426,0.049388767676177434,0.033332999999999946,-0.050000000000000044,0.08333299999999999,0.03658771111271106,7,0.010400142857142842,0.09399270172630173,0.026065999999999978,-0.13573400000000002,0.11179199999999995,0.06963076787040241,7,0.004575857142857147,0.039441592084281496,0.012340000000000018,-0.055226,0.046964000000000006,0.02921874031088952,7,0.0,0.0,0.0,0.0,0.0,0.0,7,32.42857142857143,6.1334368521284715,30.0,26,43,4.543713605998219,7,11.285714285714286,3.683941988065036,13.0,7,17,2.72910241654651,7,11.142857142857142,2.544836041121407,11.0,8,16,1.8852409218275878,7,10.0,2.3804761428476167,10.0,7,14,1.7634814052511771,7,60.57142857142857,16.651898218693095,61.0,35,82,12.335898832269985,7,79.71428571428571,18.776885486454578,86.0,55,101,13.910111430179127,7,75.42857142857143,15.40408109189621,81.0,50,96,11.411502968496306,7,102.14285714285714,7.335497516155521,104.0,88,111,5.434212607790264,7,107.28571428571429,7.952238379104041,109.0,93,118,5.891100632875546,7,105.28571428571429,12.983506020002018,107.0,91,130,9.618315860897894,7,0.5921894285714285,0.15008629129810305,0.666667,0.336538,0.738739,0.1111854805529379,7,0.7390892857142857,0.14880642370623012,0.803738,0.539216,0.901786,0.11023734137236559,7,0.7205615714285714,0.15255337212142853,0.66055,0.549451,0.897196,0.11301311960332627
baseline,40,7,417.2857142857143,10.750415274370967,420.0,399,431,7.964019085863619,7,0.8081631428571429,0.0430738335242661,0.833333,0.75,0.857143,0.03190954242543338,7,0.4130008571428571,0.05204134950347517,0.426623,0.317255,0.462809,0.038552771229949205,7,0.18076485714285714,0.02183049182091088,0.187826,0.139211,0.200804,0.01617225465978074,7,0.0,0.0,0.0,0.0,0.0,0.0,7,6599.0,69.23871749245501,6609.0,6459.0,6682.0,51.29275972298624,7,11.545747571428572,0.10695031548318394,11.520237999999999,11.419046999999999,11.699999,0.07922990247435319,7,8.127058142857143,0.1280219788948087,8.197278,7.976316,8.261887999999999,0.09484000918168664,7,3.574018,0.0538325082578671,3.6022320000000003,3.5128,3.623769,0.03987968020432124,7,0.0,0.0,0.0,0.0,0.0,0.0,0,,,,,,0.0,2,12.0,4.242640687119285,12.0,9.0,15.0,5.879999999999998,7,9.142857142857142,3.387652649872841,11.0,5.0,13.0,2.5096082031531,0,,,,,,0.0,0,,,,,,0.0,7,2.0,0.0,2.0,2.0,2.0,0.0,7,6.0,19.157244060668017,8.0,-35.0,21.0,14.191885005171088,7,-0.015306142857142855,0.07639927907694016,0.0,-0.10714299999999999,0.10714299999999999,0.056597377979017115,7,-0.007860571428571423,0.08154705761472358,0.00022800000000000598,-0.134978,0.098551,0.06041090568733209,7,-0.003333571428571428,0.03434682166206525,-0.00011899999999998023,-0.059054999999999996,0.03994900000000001,0.025444481564127024,7,0.0,0.0,0.0,0.0,0.0,0.0,7,127.42857142857143,18.653481738066514,135.0,97,151,13.818692654034486,7,45.142857142857146,7.335497516155521,48.0,33,53,5.434212607790264,7,42.57142857142857,8.67673407946298,43.0,30,55,6.4278145586194375,7,39.714285714285715,5.219012860502955,41.0,31,47,3.8662988330788224,7,191.14285714285714,46.38400791734357,195.0,119,255,34.36175393272778,7,231.42857142857142,64.71954146638437,220.0,159,325,47.94490727213197,7,132.42857142857142,36.14718588796433,133.0,89,183,26.77821004722558,7,410.2857142857143,10.127755357009207,408.0,394,425,7.502746163905584,7,427.14285714285717,22.460547421561003,437.0,397,452,16.63900638059056,7,410.14285714285717,16.57737988373083,404.0,394,443,12.280694877191054,7,0.46579871428571423,0.11031862879059952,0.492386,0.28401,0.6,0.08172518389212143,7,0.541754,0.1479389531777663,0.496614,0.399549,0.719027,0.10959471021172752,7,0.3235212857142857,0.09030185736316886,0.330846,0.211905,0.4575,0.06689655210284808
baseline,60,7,939.1428571428571,42.56535591075828,954.0,874,988,31.53285693790949,7,0.8047617142857143,0.03933962822953585,0.833333,0.75,0.833333,0.029143204430224664,7,0.43074757142857145,0.04552177378594829,0.432555,0.363891,0.507874,0.03372300194932435,7,0.18807785714285716,0.018999357264817943,0.189259,0.159908,0.220196,0.014074920829977456,7,0.0,0.0,0.0,0.0,0.0,0.0,7,14845.714285714286,142.515162100639,14800.0,14706.0,15127.0,105.57670955281756,7,11.409012571428573,0.1304453336866401,11.415475,11.179762,11.615473999999999,0.09663525553463219,7,8.396291,0.23757996347475713,8.349221,8.156854,8.893074,0.17600169995688433,7,3.689204,0.0983217148802848,3.678133,3.588032,3.8930050000000005,0.07283774569417709,7,0.0,0.0,0.0,0.0,0.0,0.0,0,,,,,,0.0,1,7.0,,7.0,7.0,7.0,0.0,5,8.2,3.8987177379235853,7.0,5.0,15.0,3.4173767717358876,0,,,,,,0.0,0,,,,,,0.0,7,2.0,0.0,2.0,2.0,2.0,0.0,7,9.571428571428571,45.11414095697395,29.0,-49.0,57.0,33.42102332365064,7,0.0,0.07071036384906151,0.0,-0.08333299999999999,0.08333299999999999,0.05238297060066243,7,-0.00459257142857143,0.06823260674061228,0.02634700000000001,-0.113315,0.08123200000000003,0.05054742244757227,7,-0.0023414285714285776,0.028359049471947773,0.009560999999999986,-0.048251000000000016,0.03353800000000001,0.021008677849866392,7,0.0,0.0,0.0,0.0,0.0,0.0,7,279.0,23.65022903342235,280.0,235,300,17.520334852203405,7,94.42857142857143,6.80336051416609,95.0,84,102,5.039999999999999,7,90.42857142857143,12.474736374731437,96.0,71,101,9.241414033216634,7,94.14285714285714,7.559289460184545,94.0,80,103,5.6,7,233.42857142857142,51.84546634906836,225.0,164,290,38.40765895842477,7,227.71428571428572,107.41929417895447,198.0,144,466,79.57732675412848,7,264.7142857142857,98.52870019392705,270.0,150,412,72.9910825603603,7,916.1428571428571,20.194294337993696,915.0,892,952,14.960142601815889,7,948.8571428571429,34.114652626247334,957.0,887,984,25.27248833547394,7,947.5714285714286,33.48062694981056,939.0,911,1012,24.802795541363206,7,0.2546124285714286,0.05536563083073933,0.243506,0.178067,0.31694,0.04101543330033707,7,0.24027457142857142,0.11238301479888191,0.210638,0.148914,0.486938,0.08325450244874928,7,0.2804265714285714,0.1087064639566221,0.266798,0.159744,0.443011,0.08053087546964
baseline,80,7,1683.4285714285713,35.92518681397565,1673.0,1641,1747,26.613750831728574,7,0.8023808571428572,0.02793593388707198,0.8,0.75,0.833333,0.020695229438109638,7,0.4209664285714286,0.03167269191726074,0.434036,0.361634,0.456874,0.02346345852621049,7,0.184103,0.013034812925393295,0.189277,0.159932,0.199412,0.009656324548315474,7,0.0,0.0,0.0,0.0,0.0,0.0,7,26415.571428571428,304.66421797494684,26384.0,26059.0,26991.0,225.69841115967122,7,11.468196285714287,0.08566060729747006,11.429761,11.395237000000002,11.634522,0.06345826593788383,7,8.352775714285714,0.16162617437130927,8.411191,8.036921,8.485686000000001,0.11973434556866878,7,3.6660655714285713,0.06848040051201315,3.69151,3.5286079999999997,3.7192060000000002,0.050730990642328395,7,0.0,0.0,0.0,0.0,0.0,0.0,0,,,,,,0.0,0,,,,,,0.0,7,8.571428571428571,4.825527358301296,7.0,5.0,16.0,3.5748006937450376,0,,,,,,0.0,0,,,,,,0.0,7,2.0,0.0,2.0,2.0,2.0,0.0,7,-1.4285714285714286,37.14771030564846,9.0,-49.0,35.0,27.51940890838076,7,-0.020067999999999992,0.04867578885852799,-0.033332999999999946,-0.10714299999999999,0.033332999999999946,0.036059529013075006,7,-0.021942857142857135,0.04513116129102142,-0.01705899999999999,-0.10737199999999997,0.029536000000000007,0.03343363216356447,7,-0.00894314285714286,0.01879177659180181,-0.007432999999999995,-0.04407,0.013115999999999989,0.013921142915397906,7,0.0,0.0,0.0,0.0,0.0,0.0,7,485.14285714285717,26.23247714461707,478.0,440,515,19.43329102339591,7,159.85714285714286,8.414839499926531,163.0,144,167,6.233800339012044,7,164.42857142857142,15.788784446109657,165.0,143,189,11.696495201555036,7,160.85714285714286,9.805246409084125,164.0,144,172,7.263828191800795,7,303.57142857142856,96.31174580990826,264.0,189,458,71.34873976929562,7,348.14285714285717,232.24156143365653,327.0,181,851,172.04695638109962,7,452.0,148.93287078412206,454.0,218,643,110.33101467855717,7,1632.4285714285713,24.123689206926482,1625.0,1607,1667,17.87107905714332,7,1673.142857142857,24.89597404821759,1673.0,1639,1704,18.44319567392448,7,1682.7142857142858,40.24804047285733,1670.0,1621,1749,29.816165637676036,7,0.18559814285714285,0.05729225098687305,0.164077,0.11761,0.275406,0.042442693485461064,7,0.20924657142857142,0.14287799636386417,0.198062,0.107802,0.519219,0.10584550093655311,7,0.2680261428571429,0.08610810885824204,0.259577,0.130539,0.376464,0.06378977973339617
baseline,100,7,2614.4285714285716,63.59731950026708,2609.0,2513,2692,47.11355360544705,7,0.7999998571428572,0.03726765055392574,0.8,0.75,0.833333,0.027608261887736907,7,0.4153181428571429,0.035178199235836254,0.431039,0.362779,0.449363,0.026060374689749435,7,0.18197785714285716,0.014888143811196113,0.188908,0.159683,0.196693,0.01102929128218128,7,0.0,0.0,0.0,0.0,0.0,0.0,7,41252.0,228.5570680012615,41278.0,40865.0,41612.0,169.3174454488767,7,11.472618,0.06278350514798167,11.472618,11.379761,11.584522,0.04651067149638078,7,8.33165942857143,0.08797123022491948,8.374436,8.150839999999999,8.404454,0.0651699993569927,7,3.6579455714285714,0.03710810904127346,3.674594,3.582072,3.691922,0.02749007188118161,7,0.0,0.0,0.0,0.0,0.0,0.0,0,,,,,,0.0,0,,,,,,0.0,7,6.714285714285714,4.111540089159037,5.0,5.0,16.0,3.0458715227884006,0,,,,,,0.0,0,,,,,,0.0,7,2.0,0.0,2.0,2.0,2.0,0.0,7,-8.285714285714286,155.94519794435723,-11.0,-199.0,183.0,115.52581933634285,7,-0.023809428571428568,0.04498654119792251,0.0,-0.08333299999999999,0.033332999999999946,0.033326496099306116,7,-0.02418571428571428,0.0566635159743148,-0.018750999999999962,-0.10101199999999999,0.03164499999999998,0.04197692007000037,7,-0.00975642857142857,0.02404423240513993,-0.007654999999999995,-0.04258600000000001,0.013421000000000016,0.017812216634643392,7,0.0,0.0,0.0,0.0,0.0,0.0,7,743.8571428571429,76.44917390316387,781.0,628,814,56.63434058354819,7,252.57142857142858,21.267009998721356,260.0,221,278,15.754821484231421,7,246.42857142857142,29.102446305291608,247.0,210,281,21.55939393087539,7,244.85714285714286,32.40076424730633,255.0,197,282,24.00282205630552,7,490.42857142857144,122.81945712149621,495.0,323,657,90.98592711696315,7,495.14285714285717,137.40988388931922,475.0,309,682,101.79466652695187,7,596.8571428571429,245.02205925958896,575.0,273,1027,181.5148816672249,7,2570.8571428571427,31.339158526400382,2569.0,2525,2612,23.216373532487797,7,2609.8571428571427,31.082838627494368,2620.0,2564,2640,23.026489094084667,7,2619.1428571428573,46.286890049734254,2640.0,2526,2659,34.28980800957236,7,0.19104414285714286,0.049096944811357894,0.192158,0.12573,0.257849,0.036371525709096485,7,0.18976514285714283,0.05327489145751048,0.179924,0.120327,0.265991,0.03946659189774899,7,0.22825,0.09378275684083225,0.217638,0.103409,0.386817,0.06947523852272741
baseline,120,7,3727.285714285714,93.9356415952154,3746.0,3606,3851,69.58849713374569,7,0.7928571428571429,0.018898223650461385,0.8,0.75,0.8,0.014000000000000012,7,0.4311865714285714,0.012621096463951972,0.431059,0.407433,0.444555,0.009349839104640607,7,0.18819,0.005285027183783765,0.188224,0.178227,0.193626,0.0039152029281422085,7,0.0,0.0,0.0,0.0,0.0,0.0,7,44644.857142857145,350.027345870494,44651.0,44209.0,45210.0,259.3038865886896,7,8.212754857142857,0.04150018961574582,8.229762000000001,8.165476,8.263095,0.030743770703880704,7,6.697237714285714,0.0786915066906083,6.724609,6.562003,6.782338999999999,0.058295483958971106,7,2.9418965714285714,0.03433891795449771,2.9516740000000006,2.884471,2.982575,0.025438626415622514,7,0.0,0.0,0.0,0.0,0.0,0.0,0,,,,,,0.0,0,,,,,,0.0,6,7.666666666666667,2.422120283277993,8.0,5.0,11.0,1.9380998712943331,0,,,,,,0.0,0,,,,,,0.0,7,2.0,0.0,2.0,2.0,2.0,0.0,7,-69.14285714285714,112.24144892660134,-54.0,-229.0,100.0,83.14962898293653,7,-0.002380857142857121,0.04657574192083462,0.0,-0.08333299999999999,0.050000000000000044,0.03450379247023918,7,-0.023425142857142867,0.028427073125388606,-0.018062999999999996,-0.08190200000000003,0.011151000000000022,0.021059070477543247,7,-0.009979000000000003,0.011859692955553272,-0.007934999999999998,-0.034714999999999996,0.0038739999999999886,0.008785783492073996,7,0.0,0.0,0.0,0.0,0.0,0.0,7,1018.8571428571429,55.74773110907318,1016.0,949,1090,41.29849714779784,7,334.7142857142857,25.50630174234259,337.0,295,367,18.895332757059347,7,343.2857142857143,15.955294687702535,344.0,324,367,11.819847714755042,7,340.85714285714283,22.01081985015984,344.0,314,379,16.305843533326733,7,540.7142857142857,121.01888872639438,599.0,355,689,89.65204738320257,7,406.85714285714283,86.19440927621808,443.0,253,484,63.85371197771773,7,611.1428571428571,220.44306035151763,548.0,415,1084,163.30650446323315,7,3696.285714285714,41.19754962662336,3695.0,3651,3769,30.519571862440447,7,3758.0,40.60377650744656,3767.0,3704,3813,30.079698580050078,7,3764.714285714286,69.59816636884028,3785.0,3616,3821,51.559043177054136,7,0.14617314285714286,0.031974713047597324,0.162111,0.095481,0.182807,0.023687198910646513,7,0.10823214285714286,0.02287049425517932,0.1196,0.068194,0.129274,0.016942699244894048,7,0.16221542857142857,0.05772177197516012,0.143418,0.110785,0.285564,0.04276088708647034
baseline,140,7,5067.571428571428,62.139244558376376,5047.0,5010,5176,46.03339657248854,7,0.8071427142857143,0.030210754419104247,0.8,0.75,0.833333,0.022380440071526737,7,0.4408042857142857,0.02707642998817906,0.441102,0.393877,0.468078,0.020058500039248535,7,0.19215457142857142,0.011109807571948052,0.192209,0.173085,0.203574,0.008230260625763926,7,0.0,0.0,0.0,0.0,0.0,0.0,7,60381.142857142855,439.5878480923652,60607.0,59585.0,60786.0,325.6512351171623,7,8.238945,0.04440380416510933,8.263095,8.160713999999999,8.284523,0.03289479846410595,7,6.639316571428572,0.06479577121453003,6.6075099999999996,6.576926,6.767869,0.048001379059839505,7,2.9166378571428573,0.027159021763363638,2.906316,2.891991,2.970743,0.020119684882542305,7,0.0,0.0,0.0,0.0,0.0,0.0,0,,,,,,0.0,0,,,,,,0.0,5,8.8,3.492849839314596,11.0,5.0,12.0,3.0616178729554084,0,,,,,,0.0,0,,,,,,0.0,7,2.0,0.0,2.0,2.0,2.0,0.0,7,-90.85714285714286,117.78147643189139,-89.0,-241.0,84.0,87.25373879286396,7,0.023809428571428568,0.06299382685855585,0.0,-0.08333299999999999,0.08333299999999999,0.04666647999999999,7,0.0029694285714285673,0.05758211809771372,-0.017230000000000023,-0.08907400000000004,0.061119000000000034,0.0426574300462526,7,0.0008472857142857092,0.02364105165959054,-0.007286000000000015,-0.036871000000000015,0.024748999999999993,0.017513536158526067,7,0.0,0.0,0.0,0.0,0.0,0.0,7,1413.7142857142858,80.28016418708148,1422.0,1276,1499,59.472377902126404,7,475.14285714285717,24.422862045145127,471.0,437,515,18.092709397249855,7,472.14285714285717,36.44826731788754,487.0,413,510,27.001254291853424,7,466.42857142857144,24.771335200570995,471.0,426,497,18.35086192344472,7,565.5714285714286,198.20768328772152,495.0,348,928,146.83430661803803,7,721.8571428571429,321.95415231128203,792.0,302,1275,238.50697376247368,7,531.2857142857143,206.641972410991,509.0,330,969,153.08251543965866,7,5057.285714285715,58.829454883627605,5068.0,4980,5162,43.581470068520325,7,5106.428571428572,60.88474670188227,5122.0,5021,5173,45.10405155489545,7,5116.428571428572,95.60658475031443,5138.0,4914,5197,70.8263491458746,7,0.11189228571428571,0.03965992363715243,0.097403,0.068639,0.186345,0.029380482588720922,7,0.14118371428571427,0.0623466348081816,0.153103,0.058824,0.247285,0.046187033419579276,7,0.10361028571428572,0.03918143724058747,0.099765,0.063854,0.186454,0.029026014905630202
with_influencer,20,21,1.1428571428571428,1.5259657363687524,1.0,0,5,0.6526663261830914,21,0.6711509523809523,0.02875305283874425,0.670137,0.623473,0.719212,0.012297883835496974,21,0.2866500952380952,0.09033989245062492,0.282762,0.12946,0.444791,0.03863901024005477,21,0.1336225238095238,0.04180868745442632,0.131768,0.060745,0.207439,0.01788187099688819,21,0.022066809523809523,0.009304676795133979,0.018755,0.009143,0.040093,0.003979676001541387,21,98.38095238095238,73.15563969406335,63.0,23.0,253.0,31.289183931689738,21,9.40524980952381,0.4911561245045835,9.551367,8.368786,10.225919000000001,0.21007094440111826,21,7.096503476190476,1.4931650863531003,7.1522689999999995,4.123401,10.253354999999999,0.6386372564393132,21,3.2543464285714285,0.6779804408957956,3.263101,1.904853,4.658424,0.28997702440975487,21,1.2496841904761904,0.08045057420032448,1.253432,1.073043,1.415807,0.034409278957727156,19,6.7368421052631575,2.3767883387078337,7.0,3.0,13.0,1.0687343763201158,21,6.714285714285714,1.953019640015357,7.0,3.0,10.0,0.8353202978498727,0,,,,,,0.0,11,12.454545454545455,1.9679246105293946,13.0,10.0,16.0,1.1629691268828442,11,12.454545454545455,1.9679246105293946,13.0,10.0,16.0,1.1629691268828442,0,,,,,,0.0,21,0.19047619047619047,1.030487633067356,0.0,-2.0,2.0,0.4407468409163902,21,0.0034577619047619066,0.001605819725397668,0.0034839999999999316,0.0003009999999999957,0.007563000000000097,0.0006868204414482147,21,-0.0070927142857142855,0.008562927479214439,-0.0035389999999999866,-0.033530000000000004,0.0,0.003662424578765639,21,-0.0031588571428571403,0.003660759965986763,-0.0018210000000000032,-0.014166999999999985,0.0,0.0015657329002185091,21,-0.0008990952380952376,0.004320535636987176,-0.0007710000000000009,-0.009709999999999996,0.007843000000000003,0.0018479236159298117,21,12.666666666666666,3.1037611591959418,13.0,6,18,1.3275005754340665,21,4.714285714285714,1.1892374507581378,5.0,3,7,0.5086452594883786,21,3.9047619047619047,1.5781242633190173,4.0,1,6,0.674974896652543,21,4.0476190476190474,1.6575943555704598,4.0,1,7,0.7089648165537633,21,50.523809523809526,26.573707019569266,44.0,17,138,11.36576223185718,21,73.47619047619048,29.65403690497981,71.0,27,118,12.683241085954506,21,62.42857142857143,40.66395385174864,54.0,19,190,17.392260347637396,21,98.14285714285714,27.481422296318136,101.0,35,163,11.753998468606332,21,112.52380952380952,18.148330632923372,110.0,87,152,7.76216922716267,21,104.04761904761905,33.342879585417016,103.0,52,190,14.260985161543985,21,0.5099282380952381,0.15966114998518102,0.448598,0.324324,0.899083,0.06828820183274036,21,0.6471404285714286,0.22733945172551365,0.653465,0.225,1.0,0.0972346896249797,21,0.5660576666666667,0.22091614776026067,0.534483,0.247619,1.0,0.0944873971392814
with_influencer,40,21,6.190476190476191,3.9194265858547164,5.0,2,19,1.6763664409801473,21,0.6904164761904762,0.015344547326718527,0.687184,0.663163,0.717122,0.006562971298755198,21,0.22636814285714285,0.04527889988867411,0.219983,0.152328,0.306959,0.01936610537158982,21,0.10565385714285715,0.021043187140463573,0.102878,0.071365,0.142624,0.009000319807200927,21,0.025859857142857143,0.006028396256764434,0.02339,0.019371,0.038544,0.0025783876688090695,21,488.42857142857144,341.9364811523584,330.0,133.0,1038.0,146.24864872310218,21,9.624613142857143,0.33044553771692664,9.57902,9.065109,10.10077,0.1413338910338321,21,6.086863285714285,0.8677038563178189,6.139358999999999,4.291695,7.461814,0.3711230695556059,21,2.7932763809523813,0.39324674106971014,2.805755,1.9805830000000002,3.417568,0.16819440938968697,21,1.2957394285714285,0.05264866205856653,1.293901,1.2115529999999999,1.39853,0.022518204718009548,2,14.0,1.4142135623730951,14.0,13.0,15.0,1.9599999999999997,19,8.210526315789474,2.719864117692913,9.0,3.0,12.0,1.2230000602739062,0,,,,,,0.0,0,,,,,,0.0,0,,,,,,0.0,0,,,,,,0.0,21,0.047619047619047616,2.9406834320645685,-1.0,-5.0,5.0,1.2577510794182518,21,0.0036066190476190425,0.0010205269460524052,0.0035880000000000356,0.0021740000000000093,0.005330999999999975,0.00043648658470921115,21,-0.007815904761904765,0.003487292028275832,-0.008224000000000009,-0.01499499999999998,-0.0016410000000000036,0.0014915394377324079,21,-0.003606238095238093,0.0014951039062473853,-0.003814000000000012,-0.0066729999999999845,-0.001008999999999996,0.000639466503405595,21,-0.00014380952380952373,0.0023275937493267072,-0.0010770000000000016,-0.0033329999999999957,0.004715999999999998,0.0009955282907169326,21,33.04761904761905,5.248582575097685,31.0,25,46,2.2448558478837293,21,11.285714285714286,2.2614786566062732,11.0,7,15,0.9672503984663605,21,11.476190476190476,2.5023798196726177,11.0,7,16,1.0702855278434398,21,10.285714285714286,2.610418685629896,9.0,7,16,1.1164945140931055,21,178.38095238095238,85.14486255228567,163.0,75,387,36.41705925036293,21,191.0,66.68658035916972,187.0,93,401,28.52232155114073,21,151.47619047619048,50.42283118550469,136.0,72,252,21.56620112841182,21,415.04761904761904,42.907430813876736,410.0,323,485,18.351811294195944,21,433.0952380952381,56.410021061780114,438.0,317,515,24.12696453716832,21,399.42857142857144,52.99204792095833,401.0,242,523,22.665073277328418,21,0.418059,0.16274190652656123,0.402469,0.2,0.801242,0.06960586317061018,21,0.4433049523809524,0.14702254426123776,0.390291,0.203501,0.780156,0.06288258087459762,21,0.37792838095238096,0.10381914179980306,0.334232,0.17734,0.553616,0.04440418041574214
with_influencer,60,21,11.238095238095237,7.44919298920871,9.0,1,30,3.1860724690091056,21,0.6833563809523809,0.015897095406004782,0.682994,0.652742,0.711395,0.006799300015942166,21,0.2554852380952381,0.04917466117718023,0.256943,0.170782,0.34653,0.021032349997701903,21,0.11877952380952381,0.02277777964951599,0.119442,0.079321,0.160845,0.009742217277980296,21,0.023037238095238093,0.0051260460874319284,0.021853,0.012556,0.034571,0.002192446126405643,21,1073.857142857143,742.4335179471819,759.0,337.0,2239.0,317.5440608167629,21,9.55815538095238,0.30256793534039245,9.633005,8.91065,10.070685999999998,0.12941044354595937,21,6.441253904761905,0.8995394515690185,6.579362,4.79275,7.823446,0.3847393785586484,21,2.9538487142857144,0.40614772379543657,3.0127539999999997,2.200591,3.57363,0.17371225084514985,21,1.269161380952381,0.04945115388287331,1.2699529999999999,1.18439,1.34869,0.021150607881309805,0,,,,,,0.0,11,11.0,2.756809750418044,12.0,6.0,14.0,1.6291704526035216,0,,,,,,0.0,0,,,,,,0.0,0,,,,,,0.0,0,,,,,,0.0,21,0.5714285714285714,3.428869034702675,1.0,-6.0,9.0,1.4665515106307494,21,0.0034642857142857027,0.0010583642635150264,0.0033969999999999834,0.0011619999999999964,0.005190000000000028,0.0004526698727034211,21,-0.007888047619047616,0.002130069704873305,-0.008175999999999989,-0.011582000000000009,-0.003058000000000005,0.000911045861423989,21,-0.003603904761904764,0.0009772514469041185,-0.0037480000000000013,-0.005307000000000006,-0.001351999999999992,0.0004179773479880358,21,-0.0006817619047619047,0.0014512258233907599,-0.00043400000000000036,-0.0034119999999999984,0.0018659999999999996,0.0006206995373751921,21,69.23809523809524,9.700024545869777,69.0,51,82,4.148769027608605,21,23.571428571428573,4.237586914405752,24.0,12,30,1.812445861260413,21,22.0,4.0743097574926725,23.0,14,29,1.7426110677180189,21,23.666666666666668,5.876506898943737,25.0,13,34,2.5134235173917223,21,209.66666666666666,65.08788929849649,200.0,121,343,27.838550089958193,21,252.76190476190476,106.39356407316411,224.0,128,465,45.50527900999814,21,275.8095238095238,118.46586810031786,267.0,129,608,50.66868873158036,21,898.0,51.835316146426656,906.0,755,967,22.170330925210237,21,963.3333333333334,80.76096416792788,960.0,842,1135,34.54203493973362,21,951.2380952380952,83.33540949794676,953.0,788,1082,35.643143395485076,21,0.2316547619047619,0.06479756742417478,0.222574,0.141852,0.365672,0.027714377373226653,21,0.2592575714285714,0.09707767366370673,0.231293,0.137634,0.446621,0.041520806866388,21,0.28720633333333334,0.11052644445486035,0.284345,0.161595,0.561922,0.04727294114748145
with_influencer,80,21,23.095238095238095,14.060244528118144,17.0,9,54,6.013665918371071,21,0.690704380952381,0.011073509251706044,0.690918,0.671675,0.713179,0.004736218139775427,21,0.23302166666666668,0.0336710448580577,0.236452,0.167957,0.28859,0.014401343767094947,21,0.10841942857142857,0.01565109889934706,0.109834,0.078293,0.134565,0.006694085572113141,21,0.025246857142857144,0.004416229967808678,0.023567,0.019744,0.034921,0.0018888527572894613,21,2088.3809523809523,1396.8947875982096,1570.0,686.0,4169.0,597.4617695254186,21,9.624642714285713,0.29786895929790014,9.670735,9.102651,10.086154,0.12740065829496577,21,6.144314095238095,0.8038009005458318,6.2933699999999995,4.61975,7.235874000000001,0.3437913239063283,21,2.8166730952380954,0.36231752941113743,2.876282,2.123448,3.31031,0.15496576705268644,21,1.2989899523809523,0.0299242375533215,1.303616,1.240577,1.3514599999999999,0.012798807812180697,0,,,,,,0.0,12,10.0,2.9848100289785466,10.5,5.0,14.0,1.688815256236445,0,,,,,,0.0,0,,,,,,0.0,0,,,,,,0.0,0,,,,,,0.0,21,-0.47619047619047616,4.92563749802041,-2.0,-10.0,11.0,2.1067299568552,21,0.0038406666666666615,0.0007931187384833003,0.0036370000000000013,0.0028599999999999737,0.006506000000000012,0.0003392224877241769,21,-0.007981238095238095,0.00221797098503929,-0.007701999999999987,-0.013358999999999982,-0.004712000000000022,0.0009486418599614426,21,-0.0036907142857142868,0.0010027312273414612,-0.0035639999999999977,-0.006222999999999992,-0.002133999999999997,0.0004288752300922338,21,-0.0006900476190476192,0.0011404397606270343,-0.0008309999999999984,-0.0025870000000000025,0.0023389999999999973,0.00048777414267033226,21,112.33333333333333,11.411982007229652,111.0,94,131,4.8809853285763705,21,38.714285714285715,5.4050241178264615,37.0,29,49,2.3117670009468227,21,37.04761904761905,4.652700188881619,38.0,27,45,1.9899927414719658,21,36.57142857142857,4.213922502507949,37.0,29,46,1.8023244251059056,21,296.95238095238096,140.95157898742255,291.0,143,769,60.285986136451676,21,287.85714285714283,101.54569696165649,272.0,167,518,43.43181199689156,21,410.3809523809524,191.1913900233157,361.0,170,994,81.77390825386244,21,1597.1904761904761,66.03152205395463,1619.0,1463,1694,28.242148486103375,21,1686.4761904761904,84.99330505846858,1664.0,1517,1865,36.3522370395245,21,1704.6190476190477,67.49627855702578,1698.0,1576,1837,28.868635190770238,21,0.1857272857142857,0.08864937235826481,0.183869,0.092757,0.49106,0.03791596285326028,21,0.17040099999999997,0.05919856841005532,0.16813,0.100967,0.305785,0.025319645938729343,21,0.24187809523809523,0.115329456494386,0.207352,0.103849,0.585395,0.04932722332940642
with_influencer,100,21,41.95238095238095,23.14406228490623,34.0,17,107,9.898878948873172,21,0.6943927142857144,0.008004753432447838,0.694423,0.679918,0.708981,0.003423689595540651,21,0.22353014285714284,0.022726549930171355,0.223627,0.188126,0.261541,0.00972030596508567,21,0.10404052380952382,0.010668485392121263,0.104066,0.087456,0.121638,0.004562986573593123,21,0.026619523809523808,0.0055936986924489205,0.025533,0.019247,0.035957,0.002392464449472784,21,3396.4285714285716,2194.658642509777,2660.0,1081.0,6734.0,938.6710063630741,21,9.679843904761904,0.30209371583482225,9.758002000000001,9.195927999999999,10.058276,0.12920761651313167,21,5.979622476190476,0.7085141825887198,6.147785000000001,4.835589000000001,6.935926,0.3030365214485067,21,2.742662666666667,0.3197929510998223,2.816761,2.223452,3.170756,0.1367777044786364,21,1.3115386666666666,0.03195284464070973,1.30778,1.2557450000000001,1.3587719999999999,0.013666457395286862,0,,,,,,0.0,12,10.916666666666666,2.8109633849474367,12.0,5.0,14.0,1.5904522576419526,0,,,,,,0.0,0,,,,,,0.0,0,,,,,,0.0,0,,,,,,0.0,21,-1.2857142857142858,5.441900928378401,-1.0,-12.0,9.0,2.327539473349485,21,0.003537000000000002,0.0004872506541812145,0.003546999999999967,0.0027719999999999967,0.004435000000000078,0.0002084005471522022,21,-0.008203142857142853,0.0021855522937169556,-0.008261999999999992,-0.012316000000000021,-0.003706999999999988,0.0009347761566492821,21,-0.003762047619047618,0.0010033429361983109,-0.0037530000000000063,-0.005724999999999994,-0.001694000000000001,0.00042913686229194736,21,-0.000308523809523809,0.0010632611917608778,-0.0004030000000000006,-0.0022059999999999996,0.002094000000000002,0.0004547643235102967,21,161.8095238095238,18.478687852818574,168.0,127,187,7.903465344040197,21,55.19047619047619,6.185620806508006,55.0,43,64,2.6456337195042288,21,52.904761904761905,7.203504438152044,54.0,40,68,3.080989739966328,21,53.714285714285715,8.283374053746801,56.0,37,66,3.542857603686606,21,437.23809523809524,171.08123940453106,371.0,226,898,73.17265475875838,21,431.3333333333333,164.03698769891298,398.0,205,919,70.1597785375955,21,507.0952380952381,162.99076807043542,474.0,306,947,69.71230301109777,21,2516.9523809523807,124.10579204472131,2533.0,2268,2761,53.08092404788916,21,2627.5714285714284,136.36956091026016,2640.0,2374,2920,58.326224633521406,21,2655.3333333333335,125.01933183845344,2670.0,2439,2893,53.47165147170144,21,0.17472990476190478,0.07015353454310393,0.140794,0.093621,0.35271,0.030005162349164147,21,0.1624480476190476,0.0550493513226779,0.150758,0.081836,0.317773,0.02354499647680963,21,0.18981052380952382,0.05602333323234083,0.177395,0.114607,0.338577,0.02396157542062078
with_influencer,120,21,65.66666666666667,29.11414318391207,55.0,31,111,12.452324727178903,21,0.675383,0.006010041946609024,0.675139,0.666892,0.691728,0.0025705374006849196,21,0.26171195238095235,0.02845298775959423,0.268549,0.209976,0.312714,0.01216954388122597,21,0.12161790476190476,0.013289362584054821,0.124882,0.097565,0.145507,0.005683954264720215,21,0.031392857142857146,0.0034312781479459552,0.032743,0.026233,0.037883,0.0014675819053849542,21,4724.714285714285,3003.453048457011,3773.0,1607.0,8914.0,1284.5980878080115,21,6.925819333333333,0.32204718126888393,7.024667,6.428674999999999,7.297444999999999,0.1377418546477704,21,5.0209105238095235,0.6218400097753939,5.148856,3.958038,5.883645,0.26596536539513005,21,2.296664285714286,0.27850258437367204,2.352868,1.8194620000000001,2.689837,0.11911752291909658,21,1.2018662857142857,0.021090976779520758,1.2024569999999999,1.166227,1.238966,0.009020759773452932,0,,,,,,0.0,4,9.75,2.0615528128088303,9.5,8.0,12.0,2.0203217565526534,0,,,,,,0.0,0,,,,,,0.0,0,,,,,,0.0,0,,,,,,0.0,21,-3.6666666666666665,7.498888806572166,-2.0,-23.0,7.0,3.207327721189575,21,0.006435904761904756,0.002518807414328491,0.00486999999999993,0.003974000000000033,0.011107999999999896,0.0010773117261364553,21,-0.010409714285714293,0.0016765691200441822,-0.010593000000000019,-0.014917000000000014,-0.007743999999999973,0.0007170804573732772,21,-0.004717761904761904,0.0007278938043947006,-0.004793999999999993,-0.0066869999999999985,-0.00359799999999999,0.0003113253226092889,21,-0.0028819999999999996,0.0021431351100665583,-0.0024909999999999967,-0.007345999999999998,0.00016900000000000248,0.0009166340275304351,21,250.61904761904762,23.30123642744349,249.0,207,292,9.966103440050068,21,85.85714285714286,10.767013115463891,85.0,67,113,4.605127576951587,21,81.19047619047619,8.565156435343418,82.0,65,96,3.663377919049272,21,83.57142857142857,12.006545833716821,83.0,62,109,5.135284477676643,21,522.6666666666666,164.67857581766165,479.0,264,932,70.43419030871615,21,518.8095238095239,179.17411058733316,498.0,229,912,76.63403293866534,21,457.3333333333333,132.9102454039316,443.0,229,702,56.84665095187618,21,3687.5238095238096,123.76575416795191,3694.0,3415,3951,52.93548744567402,21,3772.4761904761904,157.16412410204143,3786.0,3502,4026,67.22020622137696,21,3759.0,176.35447258292024,3802.0,3270,4036,75.42805384382304,21,0.1412787619047619,0.042460641949816025,0.140264,0.073435,0.243025,0.018160716540535266,21,0.13809933333333332,0.049715156765651795,0.13163,0.062194,0.24795,0.02126352377941823,21,0.12101709523809523,0.03251048492856538,0.118196,0.060598,0.184155,0.013904964086054702
with_influencer,140,21,104.33333333333333,51.17844598396216,94.0,39,208,21.88938291602677,21,0.6754432380952381,0.005258150168117681,0.675461,0.666513,0.6876,0.00224894797501212,21,0.26175109523809525,0.02736453135338656,0.260587,0.214833,0.311823,0.011704003386496055,21,0.12154780952380952,0.012720007474915444,0.121275,0.099629,0.14463,0.005440437062125718,21,0.03223923809523809,0.0038805091019705382,0.0324,0.025637,0.038356,0.0016597211581762094,21,6622.714285714285,4177.425979510076,5477.0,2202.0,12447.0,1786.714604376797,21,6.930147142857144,0.3273322505284633,7.058475,6.421689,7.2835209999999995,0.1400023161083803,21,5.008949380952381,0.6033156253855421,5.039528000000001,4.130017,5.932101000000001,0.258042355319361,21,2.291332333333333,0.269929505904659,2.3040659999999997,1.8956579999999996,2.7041709999999997,0.1154507566902787,21,1.2052457619047618,0.025353973978263746,1.213504,1.162586,1.2454,0.010844073792844534,0,,,,,,0.0,3,8.666666666666666,2.3094010767585034,10.0,6.0,10.0,2.6133333333333337,0,,,,,,0.0,0,,,,,,0.0,0,,,,,,0.0,0,,,,,,0.0,21,-2.4285714285714284,6.757006945174976,-3.0,-15.0,18.0,2.8900196077766207,21,0.006459523809523791,0.002632000353705283,0.005054000000000003,0.0037679999999999936,0.01074799999999998,0.001125725146000467,21,-0.010721333333333336,0.0024479402634323675,-0.01022500000000004,-0.014288000000000023,-0.006203999999999987,0.0010470013450315032,21,-0.0049107619047619065,0.0011278309228231788,-0.0046660000000000035,-0.006648999999999988,-0.002829000000000012,0.0004823812536619174,21,-0.0026606666666666658,0.002413080071885999,-0.001457,-0.007317000000000004,0.0002590000000000023,0.00103209139482466,21,336.0952380952381,21.220048920548603,342.0,299,383,9.075964840047464,21,112.0952380952381,8.630786533710369,114.0,95,124,3.6914483757884398,21,115.04761904761905,9.340643395806259,115.0,97,131,3.9950591707480103,21,108.95238095238095,10.772540046229537,108.0,86,131,4.60749148428706,21,462.5238095238095,135.0757635727517,425.0,272,876,57.7728583717687,21,496.42857142857144,182.277418082595,423.0,296,1048,77.96133947882974,21,492.1904761904762,152.810869720586,453.0,259,802,65.3582885672846,21,5026.0,157.86639921148515,5050.0,4740,5222,67.52057424716311,21,5059.571428571428,258.2190100338415,5056.0,4640,5600,110.44209487328644,21,5194.571428571428,266.796283974978,5232.0,4642,5773,114.11065553517194,21,0.09191042857142857,0.026093457855507436,0.082554,0.055206,0.170262,0.011160356271493603,21,0.09727138095238094,0.03160530444636816,0.083057,0.060581,0.194579,0.013517811998843271,21,0.0942562380952381,0.026590976262455584,0.09377,0.049846,0.139906,0.011373148409044485
without_influencer,20,21,0.047619047619047616,0.21821789023599236,0.0,0,1,0.09333333333333335,21,0.6731234285714285,0.010452154240018779,0.673493,0.651294,0.689227,0.004470460211489042,21,0.5706327142857143,0.12861861401334682,0.584494,0.3393,0.77931,0.055011089886337176,21,0.26062038095238094,0.056116073188950226,0.266381,0.156959,0.351003,0.024001240955257668,21,0.009582619047619048,0.00459538079462617,0.00906,0.002173,0.01882,0.0019654768315952695,21,31.095238095238095,34.98986247744446,10.0,1.0,94.0,14.965411380171874,21,9.84632338095238,0.6203534983029008,10.023364,8.773436,10.571467,0.26532957393634565,21,10.89272838095238,1.762678049060051,11.253909,7.4879180000000005,13.699621,0.7539098546611117,21,4.919312714285714,0.7568106064053374,5.053389,3.423014,6.105705,0.32369324312246966,21,1.0662609047619047,0.10504806875849969,1.036394,0.928856,1.2167549999999998,0.04492980115817672,21,3.0476190476190474,0.8646496675642961,3.0,1.0,4.0,0.3698167714483003,21,4.142857142857143,0.8535639569308374,4.0,2.0,5.0,0.3650753346913484,0,,,,,,0.0,14,13.857142857142858,1.7913099142223294,14.0,10.0,16.0,0.9383455161571926,14,13.857142857142858,1.7913099142223294,14.0,10.0,16.0,0.9383455161571926,0,,,,,,0.0,21,0.047619047619047616,0.21821789023599236,0.0,0.0,1.0,0.09333333333333335,21,0.0012313333333333304,0.0009280739374281215,0.001406999999999936,7.499999999993623e-05,0.0028489999999999904,0.00039694377975280727,21,-0.004245333333333339,0.0072484826504126635,-0.0018559999999999688,-0.03139700000000001,0.0013859999999999983,0.003100227239115081,21,-0.001750761904761907,0.002809925762449288,-0.0006359999999999699,-0.012076000000000031,0.00048799999999998844,0.001201825100338834,21,-0.0010574285714285716,0.0016900438329057789,-0.0009739999999999992,-0.0042439999999999995,0.0016750000000000003,0.0007228436872611763,21,26.38095238095238,7.761933975989428,27.0,14,38,3.3198339985273027,21,8.80952380952381,2.482318424760361,8.0,5,14,1.0617051275084708,21,8.571428571428571,3.2645279685036943,8.0,3,15,1.396261675570402,21,9.0,3.974921382870358,11.0,3,14,1.7001019577268497,21,52.523809523809526,26.93254359992581,51.0,12,129,11.519239172406792,21,66.85714285714286,24.815893524686384,68.0,32,117,10.613932981385052,21,57.04761904761905,45.296220803148906,46.0,19,177,19.37351364908057,21,102.9047619047619,31.017583338978497,110.0,29,157,13.266439529043874,21,113.47619047619048,17.865102987721755,118.0,73,147,7.641030762345557,21,98.33333333333333,34.58805188693536,95.0,60,181,14.79355415187454,21,0.49861109523809527,0.13394541750463312,0.465517,0.306931,0.821656,0.0572894013726948,21,0.5889174761904762,0.19397297747872483,0.601695,0.288288,0.914062,0.08296361286007398,21,0.5307059523809524,0.2491013406638905,0.474227,0.234568,0.988235,0.10654240326867755
without_influencer,40,21,0.047619047619047616,0.21821789023599236,0.0,0,1,0.09333333333333335,21,0.6733190952380953,0.006449134297754713,0.674245,0.66208,0.684488,0.002758340301397041,21,0.5250968571428571,0.12673822564809942,0.562069,0.329905,0.693356,0.054206834497835546,21,0.23886604761904764,0.054731998822878915,0.255253,0.153611,0.310933,0.023409262570593815,21,0.009713380952380953,0.0037740982694703445,0.009698,0.003111,0.016047,0.0016142084933379716,21,170.14285714285714,200.98041837808125,49.0,10.0,471.0,85.96074483933545,21,9.834139380952381,0.5473665606776209,9.933773,9.054221,10.469795000000001,0.23411254507133142,21,10.07421619047619,1.882297512443015,10.650031,7.051314,12.538060000000002,0.8050719442450719,21,4.543614952380953,0.8052773443008611,4.818479,3.248597,5.579657000000001,0.3444228093312265,21,1.0930914761904762,0.10505779933523211,1.067953,0.94682,1.248536,0.044933962994590376,21,4.9523809523809526,1.395571226279421,5.0,3.0,7.0,0.5968956729985939,21,5.666666666666667,1.390443574307614,5.0,4.0,8.0,0.5947025400240956,0,,,,,,0.0,0,,,,,,0.0,0,,,,,,0.0,0,,,,,,0.0,21,-0.047619047619047616,0.3842122429322726,0.0,-1.0,1.0,0.1643302907088174,21,0.00124661904761904,0.0008229939535738047,0.0009869999999999601,0.0002809999999999757,0.0026479999999999837,0.00035200032828267377,21,-0.0031007619047619,0.0026770027998633404,-0.0026209999999999845,-0.010971999999999982,0.00013699999999994272,0.0011449730101583647,21,-0.0013462380952380935,0.0011501192505458725,-0.0011300000000000199,-0.004740999999999995,-6.999999999995898e-05,0.0004919141288928851,21,-0.001187809523809524,0.001226710015409005,-0.0014470000000000004,-0.002818,0.0020279999999999986,0.000524672540128073,21,78.0952380952381,26.994267469047497,79.0,39,120,11.545638907300791,21,26.142857142857142,9.472516636489557,30.0,11,39,4.0514622874545765,21,26.80952380952381,10.851815735714679,28.0,11,49,4.641398256751706,21,25.142857142857142,10.364775512695461,25.0,11,50,4.433087712494156,21,172.0,79.93622457934825,167.0,49,341,34.18928799102627,21,179.0,58.56620185738529,181.0,87,327,25.049178296569597,21,147.85714285714286,49.62387098391833,139.0,71,274,21.224480205649325,21,412.6190476190476,50.014474095481795,429.0,299,485,21.391543916022307,21,438.6190476190476,58.48117320170331,445.0,337,550,25.012810939818642,21,396.3333333333333,57.003801042854455,399.0,272,513,24.38092843004776,21,0.4050478095238096,0.16031446897726326,0.391781,0.16388,0.728632,0.06856763098126281,21,0.40802642857142857,0.12229360596432315,0.400826,0.208989,0.622857,0.0523058392584573,21,0.36943661904761904,0.09998838014263267,0.34104,0.25,0.548718,0.0427657365911658
without_influencer,60,21,0.0,0.0,0.0,0,0,0.0,21,0.6722228571428571,0.005103624234656372,0.671937,0.664146,0.681764,0.0021828561415662123,21,0.541673,0.13764932431581348,0.589657,0.336428,0.718091,0.058873588483429135,21,0.24666895238095238,0.060106936912037195,0.267644,0.155447,0.323945,0.025708161564525597,21,0.009203571428571429,0.002997937433827273,0.008513,0.004836,0.013681,0.0012822390204638135,21,422.3809523809524,510.21353139548114,117.0,21.0,1153.0,218.22193196631525,21,9.818602714285714,0.523782761398191,9.898516,9.071437,10.45003,0.22402558750321908,21,10.188132142857143,2.0550440025022647,10.965454,7.17337,12.682189999999999,0.8789568384736204,21,4.600028761904762,0.8881253339413252,4.93526,3.282418,5.6790460000000005,0.37985747981011186,21,1.0950395238095239,0.10688581188147427,1.067855,0.9679580000000001,1.2467169999999999,0.0457158168752755,21,5.0476190476190474,1.3219754338182867,5.0,3.0,8.0,0.5654182326188091,21,6.190476190476191,2.3370718349902644,6.0,3.0,12.0,0.9995821349166083,0,,,,,,0.0,0,,,,,,0.0,0,,,,,,0.0,0,,,,,,0.0,21,-0.14285714285714285,0.35856858280031806,0.0,-1.0,0.0,0.15336231610144654,21,0.0011678095238095338,0.0007768690764245649,0.0008200000000000429,0.00033199999999999896,0.0024290000000000145,0.00033227239246002687,21,-0.0023015714285714293,0.0018968839071337167,-0.0020839999999999748,-0.008006999999999986,0.0007440000000000779,0.0008113106483051587,21,-0.001016333333333332,0.0008583300841362449,-0.0009270000000000111,-0.003717999999999999,0.00032799999999999496,0.0003671138409691347,21,-0.0012476666666666669,0.0007477698398125813,-0.0011940000000000006,-0.002491,0.0005759999999999993,0.0003198264433789746,21,157.47619047619048,54.99783545524228,159.0,86,236,23.52296277635489,21,53.666666666666664,19.28298040587433,55.0,27,85,8.247466951198478,21,49.904761904761905,19.198710274142798,49.0,25,78,8.211424020500003,21,53.904761904761905,20.36395040728778,50.0,27,92,8.709805457707485,21,214.71428571428572,94.72652366530868,194.0,114,473,40.515203401521596,21,225.9047619047619,85.54876081037338,215.0,106,361,36.58980938883273,21,240.9047619047619,86.30695496998185,239.0,123,443,36.91409438743479,21,888.3333333333334,59.27506502175541,885.0,771,1000,25.352364079991528,21,957.4761904761905,94.80380743810821,971.0,754,1110,40.548258217147186,21,966.7619047619048,103.88402416247878,944.0,770,1143,44.431931060643514,21,0.2369205238095238,0.08940343016328793,0.21764,0.138952,0.473,0.03823847870378341,21,0.23387995238095238,0.08087887884823589,0.216274,0.124706,0.388172,0.03459246788155235,21,0.24683633333333335,0.07874652529688743,0.225108,0.144068,0.45112,0.03368044520285588
without_influencer,80,21,0.38095238095238093,0.6690433824641325,0.0,0,2,0.2861545813794434,21,0.6731880952380952,0.004797061724689002,0.672453,0.665797,0.679427,0.0020517371902311916,21,0.5303592380952381,0.14610728107349913,0.565639,0.31604,0.703451,0.0624911163429932,21,0.24096847619047618,0.06359034440669357,0.2572,0.146619,0.316454,0.02719803955978527,21,0.009449809523809524,0.0031957040948599673,0.008487,0.004701,0.014136,0.0013668252185817728,21,846.4285714285714,1012.9407964648561,253.0,34.0,2352.0,433.24193493551235,21,9.818889047619049,0.5054110864427567,9.893352,9.118177,10.412621999999999,0.21616789233142147,21,10.075820333333334,2.209026083246944,10.784564,6.774481,12.60103,0.9448160622703545,21,4.542318571428571,0.9528009841288249,4.840820000000001,3.1059050000000004,5.636242,0.40751971231988404,21,1.1038775714285713,0.11069844471426482,1.071632,0.9693959999999999,1.259767,0.04734650687358693,20,6.55,2.258900524358558,6.5,3.0,12.0,0.9900068048676286,21,7.0,2.5298221281347035,6.0,4.0,13.0,1.0820227970488114,0,,,,,,0.0,0,,,,,,0.0,0,,,,,,0.0,0,,,,,,0.0,21,0.0,0.5477225575051661,0.0,-1.0,1.0,0.23426480742954114,21,0.001186333333333321,0.0007853855316552031,0.0009319999999999329,0.0003849999999999687,0.0024140000000000272,0.0003359149405297564,21,-0.002793333333333341,0.001424422842183216,-0.0025880000000000347,-0.005602999999999969,-0.0006720000000000059,0.0006092357129533476,21,-0.0012303809523809563,0.0006414897096751021,-0.0011780000000000124,-0.0025199999999999945,-0.0002909999999999857,0.00027436968086466413,21,-0.0012059047619047618,0.0005684833247125112,-0.0013040000000000005,-0.002246999999999999,-0.00011399999999999952,0.0002431443342360893,21,267.23809523809524,100.93755731238237,268.0,137,405,43.171706372473984,21,93.33333333333333,36.57777102740588,93.0,42,154,15.644571085346012,21,85.42857142857143,31.778249524747938,86.0,41,138,13.59178183069951,21,88.47619047619048,34.52914572881734,88.0,41,145,14.76835957188355,21,286.5238095238095,95.18330685977402,252.0,118,480,40.7105728009049,21,318.14285714285717,103.33599842953362,308.0,164,533,44.19753658293639,21,421.0,188.52877764415703,368.0,191,840,80.63509012830579,21,1571.7142857142858,67.67432515891302,1561.0,1453,1684,28.944786980272173,21,1710.2857142857142,73.6641994846498,1732.0,1550,1828,31.506698547028588,21,1706.2857142857142,104.55436043376805,1700.0,1564,1994,44.71863861970755,21,0.18249195238095237,0.06231839858057665,0.165567,0.077683,0.330351,0.02665401934383264,21,0.18616385714285713,0.06103667832564753,0.179487,0.097503,0.3228,0.026105818535622025,21,0.24731985714285715,0.1117070142521434,0.20449,0.116322,0.517241,0.047777879190342744
without_influencer,100,21,0.6190476190476191,1.1608699529314417,0.0,0,5,0.49651228025542776,21,0.6741800952380952,0.004673004674775763,0.676008,0.667405,0.681755,0.0019986771135372915,21,0.5234884285714285,0.15148724136724234,0.560128,0.308847,0.700777,0.06479216336930715,21,0.23801533333333333,0.06610124741359526,0.255124,0.143307,0.314367,0.028271970515021724,21,0.009354333333333334,0.0030448174876884383,0.008901,0.005237,0.013941,0.0013022899507013704,21,1382.095238095238,1666.5005521979851,402.0,71.0,3784.0,712.774059772411,21,9.834593238095238,0.48833705831371266,9.902843,9.177245,10.396663,0.20886520987496757,21,9.935232857142855,2.302864517720773,10.668816,6.627327999999999,12.473437,0.9849514236504523,21,4.480636047619048,0.9968231017026781,4.8104309999999995,3.037246,5.568645,0.42634828301643074,21,1.1053487142857144,0.11385932045737092,1.076945,0.9795969999999998,1.258354,0.04869843576006606,19,7.157894736842105,3.149306059272544,6.0,4.0,14.0,1.4161007071111944,21,8.095238095238095,1.894855189843327,8.0,4.0,12.0,0.81044295158745,0,,,,,,0.0,0,,,,,,0.0,0,,,,,,0.0,0,,,,,,0.0,21,0.09523809523809523,0.5389584311207966,0.0,-1.0,1.0,0.23051632865759808,21,0.0011715238095238102,0.0007679799228526543,0.0009130000000000527,0.00039400000000000546,0.0023039999999999727,0.0003284704386766726,21,-0.002200190476190477,0.0006549453121480879,-0.002242999999999995,-0.0033350000000000324,-0.0008839999999999959,0.00028012473710434206,21,-0.0009679047619047611,0.0002955173268628939,-0.0009399999999999964,-0.0015290000000000026,-0.0004230000000000067,0.00012639484848855367,21,-0.001209047619047619,0.0005748928140262735,-0.001209,-0.002336999999999999,-4.49999999999999e-05,0.0002458857180977464,21,394.04761904761904,157.49554793405312,388.0,197,609,67.36195853579213,21,137.66666666666666,57.10020431954104,132.0,64,222,24.422160792562515,21,128.76190476190476,51.863189992426,123.0,65,216,22.18225276606905,21,127.61904761904762,51.96486908525431,122.0,60,214,22.225741632420526,21,424.6190476190476,130.86041272687328,408.0,228,678,55.969923034112206,21,417.14285714285717,190.65316302497732,389.0,195,988,81.54370476417336,21,599.1428571428571,289.30680699117426,471.0,283,1347,123.73856526294998,21,2510.809523809524,115.94766881986837,2504.0,2327,2715,49.59163710860038,21,2622.1428571428573,136.05597587547769,2621.0,2405,2873,58.19210209870982,21,2666.904761904762,154.92608068427495,2672.0,2360,2891,66.26297924012907,21,0.16958895238095237,0.05332736445623033,0.160752,0.089202,0.270012,0.02280849052842949,21,0.15723390476190477,0.06473525907178002,0.145967,0.081081,0.343891,0.027687727650707476,21,0.22149690476190478,0.09754369238905443,0.18624,0.107482,0.474463,0.04172012636757746
without_influencer,120,21,1.0476190476190477,1.7457431218879391,0.0,0,5,0.7466666666666666,21,0.6671798571428571,0.0055512750092723395,0.664415,0.661106,0.675277,0.0023743195404606673,21,0.5385687619047619,0.15355219122106487,0.57644,0.317344,0.713006,0.06567535701037393,21,0.24462709523809525,0.06704796627035362,0.262241,0.147388,0.320711,0.028676888858495866,21,0.016322666666666666,0.004175632039983089,0.015272,0.01092,0.022184,0.0017859473237671686,21,2063.4285714285716,2490.2635919000336,602.0,95.0,5596.0,1065.103331625622,21,7.139005095238095,0.4734640819779157,7.226882,6.496747,7.6695150000000005,0.20250393282061374,21,7.825841095238096,1.7546814311077925,8.424905,5.211886000000001,9.696318999999999,0.7504896446679239,21,3.5211675714285713,0.7577640206526416,3.787474,2.385178,4.328968,0.32410102513178235,21,1.0612871428571427,0.10030487322472716,1.033796,0.9507279999999999,1.2005819999999998,0.04290110291835774,19,7.842105263157895,2.6512713490101065,7.0,4.0,12.0,1.1921569899573699,18,7.277777777777778,2.539234612693489,7.5,4.0,12.0,1.1730665422573199,0,,,,,,0.0,0,,,,,,0.0,0,,,,,,0.0,0,,,,,,0.0,21,0.14285714285714285,2.104417123236605,0.0,-7.0,3.0,0.9000740710260091,21,0.0025210952380952203,0.001577092099554175,0.0019439999999999458,0.0009449999999999736,0.004823000000000022,0.0006745334329182248,21,-0.005080476190476193,0.0014146354519468133,-0.00541999999999998,-0.007554000000000005,-0.0019740000000000313,0.0006050495770026714,21,-0.002232238095238098,0.0006535002605020042,-0.002257000000000009,-0.003377999999999992,-0.0008630000000000027,0.00027950667830622077,21,-0.0028757619047619044,0.0005990373865429356,-0.0028269999999999997,-0.0040479999999999995,-0.0021199999999999986,0.0002562125223412088,21,578.2857142857143,213.68976177092406,588.0,300,858,91.39662079821842,21,191.95238095238096,72.21874839020418,190.0,94,303,30.888468902020886,21,188.1904761904762,71.79249198044252,188.0,84,311,30.706156024122876,21,198.14285714285714,74.63061417024902,194.0,99,322,31.920040935646266,21,459.76190476190476,165.5744257915167,446.0,279,900,70.8173516715909,21,579.8571428571429,207.17535705635592,530.0,258,1059,88.61036387842377,21,430.8095238095238,203.66114480863038,358.0,191,1093,87.10731047264504,21,3674.809523809524,187.90226689628287,3681.0,3373,4032,80.3671270552277,21,3802.5238095238096,178.08919648524972,3845.0,3516,4089,76.17000751243526,21,3741.6666666666665,217.33599180378127,3770.0,3212,4064,92.95613914338549,21,0.12369257142857143,0.039383323519697304,0.117389,0.079669,0.230947,0.016844525707141775,21,0.1521471904761905,0.05243437523573543,0.145169,0.070492,0.263827,0.02242655272997772,21,0.11383295238095238,0.04977812156708627,0.095314,0.059465,0.280688,0.02129045426982942
without_influencer,140,21,1.3333333333333333,2.5166114784235836,0.0,0,10,1.0763725088359408,21,0.6682048095238096,0.005060799636609309,0.666277,0.662487,0.675704,0.0021645397584315997,21,0.5311137142857143,0.1544649400764273,0.570529,0.318792,0.706764,0.06606574614425764,21,0.2411829047619048,0.06745548117603546,0.259378,0.147713,0.317243,0.028851185862692794,21,0.016412714285714287,0.004014567425549821,0.015482,0.011492,0.022291,0.0017170588502746975,21,2932.4285714285716,3524.781363027054,870.0,130.0,7878.0,1507.5738910625023,21,7.14795780952381,0.47004480778896174,7.235624,6.511778,7.666785999999999,0.20104148509329595,21,7.75259719047619,1.7856589625955066,8.363199000000002,5.214855000000001,9.703033999999999,0.7637389537372212,21,3.486990142857143,0.7714517164793456,3.7538910000000003,2.3866289999999997,4.322964,0.3299553493385532,21,1.065396142857143,0.10155672174370627,1.040817,0.951862,1.2038710000000001,0.04343652737406281,16,7.625,2.362907813126304,8.0,4.0,12.0,1.1578248284318888,16,7.4375,1.7876893839068724,8.0,5.0,11.0,0.8759677981143674,0,,,,,,0.0,0,,,,,,0.0,0,,,,,,0.0,0,,,,,,0.0,21,-0.3333333333333333,1.6227548592850782,0.0,-3.0,4.0,0.6940637178562532,21,0.0025340952380952506,0.0015418810883061544,0.0019520000000000648,0.0009930000000000216,0.00479099999999999,0.000659473434646492,21,-0.004878999999999999,0.0011383176182419344,-0.0047239999999999505,-0.008527000000000007,-0.003126999999999991,0.00048686648737958094,21,-0.002172476190476189,0.0005052623693733417,-0.00212699999999999,-0.003809000000000007,-0.0014779999999999793,0.00021610428499016705,21,-0.0030615238095238096,0.0005775904794097297,-0.0030219999999999986,-0.004125999999999998,-0.0022190000000000022,0.0002470395286408858,21,764.7142857142857,290.4637916947899,764.0,407,1188,124.23341579462428,21,261.9047619047619,104.20887906599165,262.0,129,411,44.570873797931206,21,256.14285714285717,95.19258674617774,265.0,125,392,40.71454187388089,21,246.66666666666666,96.8133943901015,247.0,112,434,41.4077727539703,21,427.2857142857143,157.78629308566155,376.0,243,945,67.4863122912096,21,514.5238095238095,175.59060881710587,496.0,252,878,75.10134391459168,21,550.5238095238095,158.91746884707769,535.0,293,827,67.97012415596855,21,4981.0952380952385,221.50979769795848,5044.0,4551,5307,94.74130541168994,21,5125.714285714285,274.5889915595932,5148.0,4687,5562,117.44365162351971,21,5173.333333333333,302.292297839911,5195.0,4435,5674,129.2925514396625,21,0.08536614285714286,0.029707681656914453,0.072318,0.051724,0.180619,0.012706185325349747,21,0.09981199999999998,0.03225839049766742,0.093268,0.053766,0.169925,0.013797141516947149,21,0.10617666666666666,0.029212708074283927,0.104186,0.05716,0.154764,0.012494481627138352
